{"A1": {"radius": 3400.0, "center": [49205.4, -32139.4], "ZDrive": null, "PFSOffset": null}, "A2": {"radius": 3400.0, "center": [40205.4, -32139.4], "ZDrive": null, "PFSOffset": null}, "A3": {"radius": 3400.0, "center": [31205.4, -32139.4], "ZDrive": null, "PFSOffset": null}, "A4": {"radius": 3400.0, "center": [22205.4, -32139.4], "ZDrive": null, "PFSOffset": null}, "A5": {"radius": 3400.0, "center": [13205.400000000001, -32139.4], "ZDrive": null, "PFSOffset": null}, "A6": {"radius": 3400.0, "center": [4205.4000000000015, -32139.4], "ZDrive": null, "PFSOffset": null}, "A7": {"radius": 3400.0, "center": [-4794.5999999999985, -32139.4], "ZDrive": null, "PFSOffset": null}, "A8": {"radius": 3400.0, "center": [-13794.599999999999, -32139.4], "ZDrive": null, "PFSOffset": null}, "A9": {"radius": 3400.0, "center": [-22794.6, -32139.4], "ZDrive": null, "PFSOffset": null}, "A10": {"radius": 3400.0, "center": [-31794.6, -32139.4], "ZDrive": null, "PFSOffset": null}, "A11": {"radius": 3400.0, "center": [-40794.6, -32139.4], "ZDrive": null, "PFSOffset": null}, "A12": {"radius": 3400.0, "center": [-49794.6, -32139.4], "ZDrive": null, "PFSOffset": null}, "B1": {"radius": 3400.0, "center": [49205.4, -23139.4], "ZDrive": null, "PFSOffset": null}, "B2": {"radius": 3400.0, "center": [40205.4, -23139.4], "ZDrive": null, "PFSOffset": null}, "B3": {"radius": 3400.0, "center": [31205.4, -23139.4], "ZDrive": null, "PFSOffset": null}, "B4": {"radius": 3400.0, "center": [22205.4, -23139.4], "ZDrive": null, "PFSOffset": null}, "B5": {"radius": 3400.0, "center": [13205.400000000001, -23139.4], "ZDrive": null, "PFSOffset": null}, "B6": {"radius": 3400.0, "center": [4205.4000000000015, -23139.4], "ZDrive": null, "PFSOffset": null}, "B7": {"radius": 3400.0, "center": [-4794.5999999999985, -23139.4], "ZDrive": null, "PFSOffset": null}, "B8": {"radius": 3400.0, "center": [-13794.599999999999, -23139.4], "ZDrive": null, "PFSOffset": null}, "B9": {"radius": 3400.0, "center": [-22794.6, -23139.4], "ZDrive": null, "PFSOffset": null}, "B10": {"radius": 3400.0, "center": [-31794.6, -23139.4], "ZDrive": null, "PFSOffset": null}, "B11": {"radius": 3400.0, "center": [-40794.6, -23139.4], "ZDrive": null, "PFSOffset": null}, "B12": {"radius": 3400.0, "center": [-49794.6, -23139.4], "ZDrive": null, "PFSOffset": null}, "C1": {"radius": 3400.0, "center": [49205.4, -14139.400000000001], "ZDrive": null, "PFSOffset": null}, "C2": {"radius": 3400.0, "center": [40205.4, -14139.400000000001], "ZDrive": null, "PFSOffset": null}, "C3": {"radius": 3400.0, "center": [31205.4, -14139.400000000001], "ZDrive": null, "PFSOffset": null}, "C4": {"radius": 3400.0, "center": [22205.4, -14139.400000000001], "ZDrive": null, "PFSOffset": null}, "C5": {"radius": 3400.0, "center": [13205.400000000001, -14139.400000000001], "ZDrive": null, "PFSOffset": null}, "C6": {"radius": 3400.0, "center": [4205.4000000000015, -14139.400000000001], "ZDrive": null, "PFSOffset": null}, "C7": {"radius": 3400.0, "center": [-4794.5999999999985, -14139.400000000001], "ZDrive": null, "PFSOffset": null}, "C8": {"radius": 3400.0, "center": [-13794.599999999999, -14139.400000000001], "ZDrive": null, "PFSOffset": null}, "C9": {"radius": 3400.0, "center": [-22794.6, -14139.400000000001], "ZDrive": null, "PFSOffset": null}, "C10": {"radius": 3400.0, "center": [-31794.6, -14139.400000000001], "ZDrive": null, "PFSOffset": null}, "C11": {"radius": 3400.0, "center": [-40794.6, -14139.400000000001], "ZDrive": null, "PFSOffset": null}, "C12": {"radius": 3400.0, "center": [-49794.6, -14139.400000000001], "ZDrive": null, "PFSOffset": null}, "D1": {"radius": 3400.0, "center": [49205.4, -5139.4000000000015], "ZDrive": null, "PFSOffset": null}, "D2": {"radius": 3400.0, "center": [40205.4, -5139.4000000000015], "ZDrive": null, "PFSOffset": null}, "D3": {"radius": 3400.0, "center": [31205.4, -5139.4000000000015], "ZDrive": null, "PFSOffset": null}, "D4": {"radius": 3400.0, "center": [22205.4, -5139.4000000000015], "ZDrive": null, "PFSOffset": null}, "D5": {"radius": 3400.0, "center": [13205.400000000001, -5139.4000000000015], "ZDrive": null, "PFSOffset": null}, "D6": {"radius": 3400.0, "center": [4205.4000000000015, -5139.4000000000015], "ZDrive": null, "PFSOffset": null}, "D7": {"radius": 3400.0, "center": [-4794.5999999999985, -5139.4000000000015], "ZDrive": null, "PFSOffset": null}, "D8": {"radius": 3400.0, "center": [-13794.599999999999, -5139.4000000000015], "ZDrive": null, "PFSOffset": null}, "D9": {"radius": 3400.0, "center": [-22794.6, -5139.4000000000015], "ZDrive": null, "PFSOffset": null}, "D10": {"radius": 3400.0, "center": [-31794.6, -5139.4000000000015], "ZDrive": null, "PFSOffset": null}, "D11": {"radius": 3400.0, "center": [-40794.6, -5139.4000000000015], "ZDrive": null, "PFSOffset": null}, "D12": {"radius": 3400.0, "center": [-49794.6, -5139.4000000000015], "ZDrive": null, "PFSOffset": null}, "E1": {"radius": 3400.0, "center": [49205.4, 3860.5999999999985], "ZDrive": null, "PFSOffset": null}, "E2": {"radius": 3400.0, "center": [40205.4, 3860.5999999999985], "ZDrive": null, "PFSOffset": null}, "E3": {"radius": 3400.0, "center": [31205.4, 3860.5999999999985], "ZDrive": null, "PFSOffset": null}, "E4": {"radius": 3400.0, "center": [22205.4, 3860.5999999999985], "ZDrive": null, "PFSOffset": null}, "E5": {"radius": 3400.0, "center": [13205.400000000001, 3860.5999999999985], "ZDrive": null, "PFSOffset": null}, "E6": {"radius": 3400.0, "center": [4205.4000000000015, 3860.5999999999985], "ZDrive": null, "PFSOffset": null}, "E7": {"radius": 3400.0, "center": [-4794.5999999999985, 3860.5999999999985], "ZDrive": null, "PFSOffset": null}, "E8": {"radius": 3400.0, "center": [-13794.599999999999, 3860.5999999999985], "ZDrive": null, "PFSOffset": null}, "E9": {"radius": 3400.0, "center": [-22794.6, 3860.5999999999985], "ZDrive": null, "PFSOffset": null}, "E10": {"radius": 3400.0, "center": [-31794.6, 3860.5999999999985], "ZDrive": null, "PFSOffset": null}, "E11": {"radius": 3400.0, "center": [-40794.6, 3860.5999999999985], "ZDrive": null, "PFSOffset": null}, "E12": {"radius": 3400.0, "center": [-49794.6, 3860.5999999999985], "ZDrive": null, "PFSOffset": null}, "F1": {"radius": 3400.0, "center": [49205.4, 12860.599999999999], "ZDrive": null, "PFSOffset": null}, "F2": {"radius": 3400.0, "center": [40205.4, 12860.599999999999], "ZDrive": null, "PFSOffset": null}, "F3": {"radius": 3400.0, "center": [31205.4, 12860.599999999999], "ZDrive": null, "PFSOffset": null}, "F4": {"radius": 3400.0, "center": [22205.4, 12860.599999999999], "ZDrive": null, "PFSOffset": null}, "F5": {"radius": 3400.0, "center": [13205.400000000001, 12860.599999999999], "ZDrive": null, "PFSOffset": null}, "F6": {"radius": 3400.0, "center": [4205.4000000000015, 12860.599999999999], "ZDrive": null, "PFSOffset": null}, "F7": {"radius": 3400.0, "center": [-4794.5999999999985, 12860.599999999999], "ZDrive": null, "PFSOffset": null}, "F8": {"radius": 3400.0, "center": [-13794.599999999999, 12860.599999999999], "ZDrive": null, "PFSOffset": null}, "F9": {"radius": 3400.0, "center": [-22794.6, 12860.599999999999], "ZDrive": null, "PFSOffset": null}, "F10": {"radius": 3400.0, "center": [-31794.6, 12860.599999999999], "ZDrive": null, "PFSOffset": null}, "F11": {"radius": 3400.0, "center": [-40794.6, 12860.599999999999], "ZDrive": null, "PFSOffset": null}, "F12": {"radius": 3400.0, "center": [-49794.6, 12860.599999999999], "ZDrive": null, "PFSOffset": null}, "G1": {"radius": 3400.0, "center": [49205.4, 21860.6], "ZDrive": null, "PFSOffset": null}, "G2": {"radius": 3400.0, "center": [40205.4, 21860.6], "ZDrive": null, "PFSOffset": null}, "G3": {"radius": 3400.0, "center": [31205.4, 21860.6], "ZDrive": null, "PFSOffset": null}, "G4": {"radius": 3400.0, "center": [22205.4, 21860.6], "ZDrive": null, "PFSOffset": null}, "G5": {"radius": 3400.0, "center": [13205.400000000001, 21860.6], "ZDrive": null, "PFSOffset": null}, "G6": {"radius": 3400.0, "center": [4205.4000000000015, 21860.6], "ZDrive": null,