{"5-Duo": [[1.013990601328279, -0.006511533452606658, -11.316532249622535], [-0.005643134232532526, -1.0333634970319066, 1071.213154743173]], "4-Quad": [[1.002167859793978, -0.0007343906521545002, -6.767952518066475], [0.00021755452197276686, -1.0245649068450786, 1049.0927402077505]]}